正面,背面
性能指标单位前缀：M、G、T、P 分别等于 10 的几次方？,M(兆)=10^6；G(吉)=10^9；T(太)=10^12；P(拍)=10^15。
CPI 的含义是什么？,每条指令平均需要的时钟周期数（Cycles Per Instruction）。CPI 越小越好/越快。
MIPS 的含义是什么？,每秒执行多少百万条指令（Million Instructions Per Second）。MIPS = 主频(MHz) ÷ CPI。
MFLOPS 的含义是什么？,每秒百万次浮点运算（Million Floating-point Operations Per Second）。
GFLOPS 和 PFLOPS 的含义？,GFLOPS = 每秒 10^9 次浮点运算；PFLOPS = 每秒 10^15 次浮点运算。
描述浮点数（而非整数指令）运算速度的指标是？,MFLOPS（每秒百万次浮点运算）。MIPS 描述的是整数指令速度（每秒百万条指令）。
哪些部件的位数（宽度）与机器字长相同？,只有 ALU 和 通用寄存器。机器字长=CPU一次能处理的位数=通用寄存器宽度；指令寄存器≈指令字长；浮点寄存器≈浮点字长。
时钟周期与主频的关系？,时钟周期 T = 1 ÷ 主频 f。主频越高，周期越短，CPU 越快。
（理解锚点）程序执行时间的基本公式？,"执行时间 = 指令条数 × CPI × 时钟周期 = 指令数 × CPI ÷ 主频。
理解它，其余公式（MIPS/平均CPI/速度）都由它推出。"
