正面,背面
8 位补码的表示范围是？,-128 ~ +127。（最大正数 0111 1111 = +127；最小负数 1000 0000 = -128）
-1 的 8 位补码是？,1111 1111（全 1）。因为 1111 1111 + 1 = 1 0000 0000，进位丢掉剩 0000 0000 = 0，所以 -1 与 1 互补。
求负数的补码，三步法是？,"①写出这个负数的绝对值（正数）的二进制（位数与题目一致，如8位就写满8位）→ ②按位取反 → ③加 1。（或\"找第一个 1\"：最低位起第一个 1 及它右边不变、它左边全取反，结果相同）"
补码里最高位（符号位）的含义？,0 = 正数；1 = 负数。负数补码的最高位必为 1。
n 位补码的范围通用公式？,-2^(n-1) ~ +2^(n-1) - 1。
为什么计算机用补码表示负数？,① 0 只有一种表示；② 加减法统一成一次加法（减一个数=加它的补码），电路更简单。
8位/16位 的关键锚点值？（最大无符号数/最大有符号正数/最小有符号负数）,8位：全1=0xFF=255(无符号最大，当signed=-1)；最大正数0x7F=127；最小负数0x80=-128。16位：全1=0xFFFF=65535(无符号最大，当signed=-1)；最大正数0x7FFF=32767；最小负数0x8000=-32768。
把较小类型(如short 16位)赋值给较大类型(如int 32位)，多出来的高位怎么填？,unsigned(无符号)→全部填0（零扩展）；signed(有符号)→填符号位（符号扩展：正填0、负填1）。
同一串 0xFFFF（16位全1），当signed读=？当unsigned读=？,signed读=-1；unsigned读=65535。机器里0/1没变，只是解读不同：signed最高位权重=-32768，unsigned最高位权重=+32768。
