#columns:正面,背面
8 位补码的表示范围是？,-128～127。最大值 0111 1111 = 127；最小值 1000 0000 = -128。
-1 的 8 位补码是？,1111 1111。它与 0000 0001 相加，保留低 8 位得到 0000 0000；全 1 在 8 位补码中表示 -1。
求负数的补码，三步法是？,先确认负整数可用题设 n 位补码表示；①把绝对值写成 n 位无符号二进制；②全部 n 位取反；③加 1，保留低 n 位。例如 8 位 -5：0000 0101 → 1111 1010 → 1111 1011。
补码里最高位（符号位）的含义？,最高位为 0 表示非负数（正数或 0），为 1 表示负数。在 n 位补码中，该位的权重是 -2^(n-1)。
n 位补码的范围通用公式？,-2^(n-1)～2^(n-1)-1，其中 n 是包含符号位的总位数。
为什么计算机用补码表示负数？,0 只有一种编码；加减法可共用加法器：A-B 的机器运算可写成 A 加上 B 的逐位取反，再加 1，结果保留题设位宽。
8位/16位 的关键锚点值？（最大无符号数/最大有符号正数/最小有符号负数）,按补码整数解读：8 位无符号最大 FFH=255，有符号最大 7FH=127、最小 80H=-128；16 位无符号最大 FFFFH=65535，有符号最大 7FFFH=32767、最小 8000H=-32768。全 1 按有符号补码读均为 -1。
把较小类型(如short 16位)赋值给较大类型(如int 32位)，多出来的高位怎么填？,在题目已确定源/目标位宽、并按整数值做扩展时：无符号源零扩展；有符号补码源符号扩展。例如 16 位 short 扩展到 32 位 int，负数高位填 1，非负数填 0。C 类型名本身不保证这里的位宽，涉及转换还要核对题设和目标类型。
同一串 0xFFFF（16位全1），当signed读=？当unsigned读=？,16 位补码有符号读为 -1；16 位无符号读为 65535。位串不变，最高位权重分别为 -32768 和 +32768。
